,counter,losses
0,0,2.306978225708008
1,640,2.302027940750122
2,1280,2.304259777069092
